train/approx_kl,train/policy_gradient_loss,time/fps,train/entropy_loss,train/explained_variance,train/value_loss,rollout/ep_len_mean,train/clip_fraction,train/clip_range,train/learning_rate,time/total_timesteps,rollout/ep_rew_mean,train/loss,train/n_updates,time/iterations,time/time_elapsed,eval/mean_reward,eval/mean_ep_length
0.0113931075,-0.0036872447817586362,1987,-1.747898869216442,0.19981122016906738,0.09716518921777606,3847.75,0.0233154296875,0.2,0.00025,20480,-19.9375,0.02243371680378914,36,10,10,,
0.000978735,0.0001246039246325381,,-1.660669181495905,0.6105871200561523,0.05970754963345826,,0.0003662109375,0.2,0.00025,40000,,0.011307807639241219,76,,,-21.0,3056.0
,,1754,,,,3609.4411764705883,,,,40960,-20.264705882352942,,,20,23,,
0.013883496,-0.005256478034425527,1873,-1.7151442728936672,0.44616448879241943,0.08425190579146147,3508.859375,0.095458984375,0.2,0.00025,61440,-20.390625,0.016732824966311455,116,30,32,,
0.005562842,-0.0019642442202894017,,-1.7325560338795185,0.40709662437438965,0.08606161526404321,,0.0001220703125,0.2,0.00025,80000,,0.015278363600373268,156,,,-21.0,3056.0
,,1790,,,,3567.3086419753085,,,,81920,-20.333333333333332,,,40,45,,
0.010499429,-0.00355217102332972,1848,-1.7387184798717499,0.8060599565505981,0.04628371528815478,3528.85,0.046630859375,0.2,0.00025,102400,-20.4,-0.008329670876264572,196,50,55,,
0.017428998,-0.011817141814390197,,-1.6986136138439178,0.6177189350128174,0.051198232744354755,,0.205322265625,0.2,0.00025,120000,,-0.01588827557861805,232,,,-21.0,3056.0
0.011216473,-0.0021921856387052685,1808,-1.7041260674595833,0.5896530151367188,0.06338525481987745,3540.26,0.0579833984375,0.2,0.00025,122880,-20.45,0.010686947964131832,236,60,67,,
0.007654402,-0.0023307742521865293,1856,-1.7645102329552174,0.8378572463989258,0.032696051988750696,3599.29,0.010986328125,0.2,0.00025,143360,-20.42,-0.01270810142159462,276,70,77,,
0.009519528,-0.004315238387789577,,-1.7543378286063671,0.7932753562927246,0.04327394824940711,,0.0517578125,0.2,0.00025,160000,,0.01075693592429161,312,,,-21.0,3070.4
0.0071403272,-0.004444570164196193,1822,-1.7473512291908264,0.5628862380981445,0.051211973768658936,3660.52,0.0482177734375,0.2,0.00025,163840,-20.32,-0.005719121545553207,316,80,89,,
0.0039296127,-0.0001885454257717356,1854,-1.7016978114843369,0.5034706592559814,0.09413493890315294,3614.45,0.0086669921875,0.2,0.00025,184320,-20.39,0.0270729660987854,356,90,99,,
0.0070065153,-0.0019276757520856336,,-1.4961504712700844,0.7105185985565186,0.05754687171429396,,0.0421142578125,0.2,0.00025,200000,,0.005669258534908295,388,,,-21.0,3101.0
0.0043646498,-0.0032701329473638907,1824,-1.5310605466365814,0.41987478733062744,0.09031977481208742,3736.88,0.0732421875,0.2,0.00025,204800,-20.21,0.022709477692842484,396,100,112,,
0.0061547426,-0.001507571549154818,1855,-1.6316652856767178,0.7415302991867065,0.06832448171917349,3850.25,0.0753173828125,0.2,0.00025,225280,-20.04,0.015121452510356903,436,110,121,,
0.0032244893,-0.0026084126147907227,,-1.7000890709459782,0.6783320903778076,0.05504611600190401,,0.0069580078125,0.2,0.00025,240000,,0.007571186870336533,468,,,-20.6,3658.4
0.0055282707,-0.004279052969650365,1827,-1.699637621641159,0.5725558996200562,0.07718621706590056,3973.15,0.0179443359375,0.2,0.00025,245760,-19.86,0.015120552852749825,476,120,134,,
0.0033891476,-0.0018369976460235193,1851,-1.5777926221489906,0.5035820007324219,0.08614002470858395,4077.66,0.037109375,0.2,0.00025,266240,-19.75,0.03321082144975662,516,130,143,,
0.007529738,-0.004401628422783688,,-1.478268127888441,0.5295963883399963,0.07347977568861097,,0.068115234375,0.2,0.00025,280000,,0.010815586894750595,544,,,-19.4,7200.0
0.0034737217,-0.0016428072995040566,1786,-1.4362426735460758,0.4508713483810425,0.0886836713179946,4257.04,0.048583984375,0.2,0.00025,286720,-19.49,0.030942663550376892,556,140,160,,
0.0053518275,-0.004036776095745154,1807,-1.3066167831420898,0.6870703101158142,0.0644634411437437,4534.95,0.033935546875,0.2,0.00025,307200,-19.11,0.021849539130926132,596,150,169,,
0.00799243,-0.007718682812992483,,-1.2395717464387417,0.5230959057807922,0.07342646876350045,,0.06103515625,0.2,0.00025,320000,,0.00565241277217865,624,,,-20.0,7454.4
0.009073131,-0.003490801711450331,1741,-1.2839208506047726,0.6380695700645447,0.05152154073584825,4790.08,0.070556640625,0.2,0.00025,327680,-19.0,0.025907212868332863,636,160,188,,
0.0075547136,-0.009792314434889704,1763,-1.4551327228546143,0.5575798153877258,0.04882244032341987,5041.08,0.0911865234375,0.2,0.00025,348160,-18.74,-0.0021319184452295303,676,170,197,,
0.009181354,-0.006618108513066545,,-1.40747394785285,0.5070160627365112,0.06027300842106342,,0.07080078125,0.2,0.00025,360000,,0.010930316522717476,700,,,-17.0,8568.0
0.005783763,-0.00664547122141812,1709,-1.4141115844249725,0.46186619997024536,0.06159128528088331,5426.83,0.0689697265625,0.2,0.00025,368640,-18.49,-0.009916994720697403,716,180,215,,
0.0068097715,-0.008516432950273156,1729,-1.3878357745707035,0.6117298603057861,0.053781620343215764,5804.22,0.0712890625,0.2,0.00025,389120,-18.19,0.008042177185416222,756,190,225,,
0.007457277,-0.007199546133051626,,-1.206115946173668,0.5788575410842896,0.06349767034407705,,0.0758056640625,0.2,0.00025,400000,,0.007071781903505325,780,,,-17.4,8415.2
0.008084883,-0.007215277059003711,1681,-1.2344451509416103,0.612297773361206,0.0587947474559769,6130.89,0.107666015625,0.2,0.00025,409600,-17.86,-0.0022202059626579285,796,200,243,,
0.0070609227,-0.0064395594235975295,1699,-1.1226958073675632,0.7400076389312744,0.03892533387988806,6482.02,0.069580078125,0.2,0.00025,430080,-17.54,0.0011051762849092484,836,210,253,,
0.012015565,-0.01078188327664975,,-1.0739182941615582,0.6434657573699951,0.060745777445845306,,0.1036376953125,0.2,0.00025,440000,,0.00876171886920929,856,,,-18.6,8335.6
0.010025229,-0.005991163066937588,1669,-0.979790024459362,0.6400712728500366,0.044654714642092586,6840.22,0.0587158203125,0.2,0.00025,450560,-17.13,0.011934627778828144,876,220,269,,
0.009042761,-0.008635540347313508,1687,-1.0781070329248905,0.5703199505805969,0.04707305273041129,7257.9,0.0684814453125,0.2,0.00025,471040,-16.66,-0.003413315862417221,916,230,279,,
0.010156812,-0.010624460323015228,,-1.0817178376019,0.7599359750747681,0.042072660638950765,,0.110595703125,0.2,0.00025,480000,,-0.001897977665066719,936,,,-14.2,8822.4
0.010372855,-0.0070970685192150995,1662,-1.0179825704544783,0.6122332811355591,0.04656691616401076,7609.46,0.0955810546875,0.2,0.00025,491520,-16.4,-0.003233877941966057,956,240,295,,
0.009441245,-0.011739198729628697,1679,-0.9169915523380041,0.7107702493667603,0.045999664114788175,7927.41,0.09619140625,0.2,0.00025,512000,-16.15,0.006433021277189255,996,250,304,,
0.007941104,-0.008212685002945364,,-0.9652437977492809,0.752785861492157,0.04190693364944309,,0.0948486328125,0.2,0.00025,520000,,-0.01172061637043953,1012,,,-3.2,9033.4
0.008067055,-0.011250456154812127,1646,-0.9770967401564121,0.6521483659744263,0.05439860583283007,8217.65,0.0958251953125,0.2,0.00025,532480,-15.79,-0.009930562227964401,1036,260,323,,
0.009984475,-0.007193465149612166,1662,-0.9682098384946585,0.7363399863243103,0.04972111852839589,8677.82,0.10986328125,0.2,0.00025,552960,-14.99,-0.00325842946767807,1076,270,332,,
0.008279184,-0.007847183995181695,,-0.897230876609683,0.6525060534477234,0.051090097171254456,,0.0792236328125,0.2,0.00025,560000,,-0.0004558563232421875,1092,,,15.8,9751.4
0.007220871,-0.007885397440986708,1624,-1.012828528881073,0.6465052962303162,0.05883124948013574,8993.46,0.092529296875,0.2,0.00025,573440,-14.33,-0.009537886828184128,1116,280,353,,
0.0080155535,-0.008266286487923935,1638,-1.1004971228539944,0.7296907901763916,0.059172244858928025,9234.12,0.0841064453125,0.2,0.00025,593920,-13.53,-0.01237928681075573,1156,290,362,,
0.007173378,-0.009645008452935144,,-1.0723464377224445,0.7608759999275208,0.04727242328226566,,0.093017578125,0.2,0.00025,600000,,-0.011626845225691795,1168,,,-3.2,11076.4
0.010186156,-0.010673919037799351,1596,-0.9577031191438437,0.72910076379776,0.07281798881012946,9549.57,0.0894775390625,0.2,0.00025,614400,-12.8,-3.138929605484009e-05,1196,300,384,,
0.011964277,-0.012428196918335743,1611,-0.9892838317900896,0.7534370422363281,0.049437816720455885,9902.75,0.113525390625,0.2,0.00025,634880,-11.57,-0.008481668308377266,1236,310,394,,
0.01070692,-0.010561609175056219,,-1.0242337435483932,0.6917407512664795,0.06680577644146979,,0.100830078125,0.2,0.00025,640000,,0.008515916764736176,1248,,,7.4,12267.2
0.010485789,-0.008740581455640495,1563,-1.0706352107226849,0.8040977120399475,0.042264708783477545,10129.97,0.1014404296875,0.2,0.00025,655360,-10.26,-0.014337873086333275,1276,320,419,,
0.009128343,-0.012145243032136932,1577,-1.0849140286445618,0.850155770778656,0.050652842270210385,10429.1,0.090087890625,0.2,0.00025,675840,-8.12,-0.008043622598052025,1316,330,428,,
0.012337176,-0.011042415178962983,,-1.0384275447577238,0.8667938709259033,0.04959941399283707,,0.0986328125,0.2,0.00025,680000,,-0.015091387555003166,1328,,,1.8,10676.8
0.010949242,-0.01394578893086873,1547,-1.0454193875193596,0.8574783802032471,0.04134989692829549,10567.11,0.088623046875,0.2,0.00025,696320,-6.99,-0.014028336852788925,1356,340,450,,
0.010671624,-0.009549919443088584,1560,-1.076024666428566,0.8687099814414978,0.03508180862991139,10748.42,0.1141357421875,0.2,0.00025,716800,-5.42,-0.01970996893942356,1396,350,459,,
0.013216317,-0.011859487509354949,,-1.12808633223176,0.7332765460014343,0.0638450556434691,,0.139892578125,0.2,0.00025,720000,,-0.005591444671154022,1404,,,5.0,10905.2
0.009345634,-0.01068244586349465,1537,-1.0842412039637566,0.8845002055168152,0.0421813377761282,10926.96,0.1202392578125,0.2,0.00025,737280,-4.6,-0.029707882553339005,1436,360,479,,
0.013690932,-0.01137026454671286,1549,-0.9614018201828003,0.8471497893333435,0.04129554406972602,11070.53,0.1160888671875,0.2,0.00025,757760,-2.72,-0.013993803411722183,1476,370,488,,
0.012834724,-0.009248831673176028,,-0.9430854562669992,0.7891354560852051,0.05115930107422173,,0.1192626953125,0.2,0.00025,760000,,-0.0059122852981090546,1484,,,-6.8,10632.4
0.013847822,-0.012451138638425618,1527,-0.9045811556279659,0.8174052834510803,0.045100185670889914,11129.11,0.1290283203125,0.2,0.00025,778240,-2.03,-0.0030178148299455643,1516,380,509,,
0.01551441,-0.015437835376360454,1537,-0.9231319651007652,0.807531476020813,0.04753024404635653,11185.87,0.1343994140625,0.2,0.00025,798720,-0.85,-0.02212606556713581,1556,390,519,,
0.012766151,-0.012588252604473382,,-0.9056668728590012,0.7808980941772461,0.04980693443212658,,0.1085205078125,0.2,0.00025,800000,,-0.020060725510120392,1560,,,6.8,11036.4
0.008994728,-0.01010545136523433,1515,-0.952725138515234,0.8321436643600464,0.04407901375088841,11432.4,0.1026611328125,0.2,0.00025,819200,0.15,-0.009607002139091492,1596,400,540,,
0.011794728,-0.011948820610996336,1527,-0.9328891448676586,0.8069663047790527,0.05030543066095561,11476.98,0.1109619140625,0.2,0.00025,839680,1.1,-0.011908045038580894,1636,410,549,,
0.0138623435,-0.012742287319269963,,-0.9533000085502863,0.8206530809402466,0.04327984253177419,,0.1259765625,0.2,0.00025,840000,,-0.015354063361883163,1640,,,-3.0,9785.2
0.010010169,-0.011497297789901495,1514,-0.9672428574413061,0.8707634210586548,0.042967702029272914,11465.15,0.1185302734375,0.2,0.00025,860160,1.49,-0.014204726554453373,1676,420,568,,
0.014456885,-0.01265123848861549,,-1.0055209882557392,0.9146289825439453,0.04138781310757622,,0.138671875,0.2,0.00025,880000,,-0.019332587718963623,1716,,,-2.8,9865.4
,,1502,,,,11460.76,,,,880640,1.64,,,430,586,,
0.013334017,-0.01037784875370562,1513,-1.1407678611576557,0.8189290165901184,0.0523652428528294,11404.64,0.1463623046875,0.2,0.00025,901120,2.27,-0.016271522268652916,1756,440,595,,
0.0121754985,-0.013610468740807846,,-1.11970991268754,0.7410866618156433,0.04033062397502363,,0.1060791015625,0.2,0.00025,920000,,-0.037339549511671066,1796,,,6.8,10610.8
,,1496,,,,11295.38,,,,921600,2.35,,,450,615,,
0.011303617,-0.01365640532458201,1506,-1.0958615951240063,0.8207430243492126,0.04673950944561511,11312.24,0.0843505859375,0.2,0.00025,942080,1.96,-0.02335885539650917,1836,460,625,,
0.014792528,-0.017018324928358197,,-1.0511952377855778,0.7448633909225464,0.04496295296121389,,0.1357421875,0.2,0.00025,960000,,-0.013361390680074692,1872,,,3.2,15550.8
0.015093065,-0.0148290842626011,1470,-1.046263787895441,0.7964641451835632,0.033006443234626204,11356.7,0.1376953125,0.2,0.00025,962560,1.94,-0.030057741329073906,1876,470,654,,
0.011455198,-0.016290151077555493,1480,-1.0316009912639856,0.8276556730270386,0.02900495775975287,11493.23,0.1241455078125,0.2,0.00025,983040,2.2,-0.04449499770998955,1916,480,663,,
0.014656831,-0.015374169714050367,,-1.0995194166898727,0.8372372388839722,0.03299727296689525,,0.1123046875,0.2,0.00025,1000000,,-0.028097106143832207,1952,,,8.2,17099.0
0.011064054,-0.012172777482192032,1452,-1.1450347267091274,0.8405135869979858,0.03113792627118528,11821.68,0.127685546875,0.2,0.00025,1003520,1.75,-0.029564084485173225,1956,490,690,,
0.012251531,-0.014072996185859665,1462,-1.09610615670681,0.743710994720459,0.05769557796884328,12007.55,0.11181640625,0.2,0.00025,1024000,2.18,-0.02319939434528351,1996,500,700,,
0.01181867,-0.017893011769047007,,-1.1504134014248848,0.7070795297622681,0.046267497120425105,,0.121337890625,0.2,0.00025,1040000,,-0.027907202020287514,2028,,,4.6,12604.4
0.011823285,-0.014053475926630199,1445,-1.0643774271011353,0.7263696193695068,0.046109991148114204,11978.72,0.0999755859375,0.2,0.00025,1044480,1.9,-0.022041279822587967,2036,510,722,,
0.012182055,-0.015790071862284094,1455,-1.0383134726434946,0.8476554155349731,0.03233935544267297,12108.69,0.1168212890625,0.2,0.00025,1064960,1.8,-0.030270269140601158,2076,520,731,,
0.014218474,-0.014094545738771558,,-0.9687808342278004,0.6835991740226746,0.04516356869135052,,0.130859375,0.2,0.00025,1080000,,-0.018779482692480087,2108,,,12.2,10867.0
0.020818032,-0.017302332125836983,1447,-1.021948529407382,0.7554418444633484,0.03753601055359468,12275.17,0.1640625,0.2,0.00025,1085440,2.5,-0.011142656207084656,2116,530,749,,
0.017375147,-0.021270575700327754,1457,-1.109811969101429,0.842087984085083,0.033330544421914965,12210.52,0.1451416015625,0.2,0.00025,1105920,2.75,-0.03050210326910019,2156,540,758,,
0.012774198,-0.016247772582573816,,-1.1339948028326035,0.9205310344696045,0.01938636542763561,,0.120361328125,0.2,0.00025,1120000,,-0.04695684462785721,2184,,,16.2,11000.6
0.011664657,-0.02010068009258248,1441,-1.1721492782235146,0.8829079270362854,0.026151568366913125,12198.53,0.1326904296875,0.2,0.00025,1126400,3.46,-0.04010721296072006,2196,550,781,,
0.015258224,-0.01964120037155226,1450,-1.2313204854726791,0.8538201451301575,0.02152293300605379,12187.14,0.12744140625,0.2,0.00025,1146880,4.35,-0.04859791323542595,2236,560,790,,
0.013500437,-0.020799862424610183,,-1.1778873018920422,0.8414590954780579,0.03439776541199535,,0.1246337890625,0.2,0.00025,1160000,,-0.028117770329117775,2264,,,7.4,13444.4
0.015713975,-0.023544398616650142,1430,-1.2501263208687305,0.8470929861068726,0.03867798298597336,12281.33,0.1231689453125,0.2,0.00025,1167360,5.01,-0.05033044144511223,2276,570,816,,
0.014114375,-0.02502224837371614,1439,-1.105919100344181,0.900800883769989,0.029909461445640773,12337.91,0.1339111328125,0.2,0.00025,1187840,5.41,-0.05590938776731491,2316,580,825,,
0.014153032,-0.02272811086731963,,-1.0820725597441196,0.8468040823936462,0.03309145086677745,,0.1201171875,0.2,0.00025,1200000,,-0.03336702659726143,2340,,,10.0,12175.6
0.012255311,-0.01992263679858297,1425,-1.1775489784777164,0.8161545991897583,0.047738781198859215,12383.49,0.113525390625,0.2,0.00025,1208320,6.43,-0.022108282893896103,2356,590,847,,
0.01518581,-0.021230981525150128,1433,-1.1106537692248821,0.8131557703018188,0.03431213984731585,12505.92,0.129638671875,0.2,0.00025,1228800,6.73,-0.03670801967382431,2396,600,857,,
0.015211244,-0.022663854499114677,,-1.130096185952425,0.8590009212493896,0.029909518256317824,,0.1259765625,0.2,0.00025,1240000,,-0.02872483804821968,2420,,,13.6,14566.0
0.013619244,-0.01960679786861874,1419,-1.1173763051629066,0.8270071148872375,0.03675509849563241,12460.83,0.1265869140625,0.2,0.00025,1249280,7.33,-0.042435213923454285,2436,610,879,,
0.0150759425,-0.01687873518676497,1427,-1.0561761111021042,0.8802089691162109,0.030884550884366035,12544.34,0.1412353515625,0.2,0.00025,1269760,7.16,-0.01953263208270073,2476,620,889,,
0.011331956,-0.016506968502653763,,-1.069921139627695,0.7685146927833557,0.041489111026749015,,0.1119384765625,0.2,0.00025,1280000,,-0.03596319258213043,2496,,,7.4,13492.6
0.01492765,-0.0209245897422079,1411,-1.0341976024210453,0.8746355175971985,0.030754504026845098,12367.74,0.13623046875,0.2,0.00025,1290240,7.94,-0.04586910456418991,2516,630,914,,
0.021214936,-0.0201561753929127,1419,-0.9398244321346283,0.9018318057060242,0.022090189246227965,12336.87,0.155029296875,0.2,0.00025,1310720,8.3,-0.03676918148994446,2556,640,923,,
0.014269341,-0.018761193729005754,,-0.9564973544329405,0.8275973796844482,0.03647192951757461,,0.1124267578125,0.2,0.00025,1320000,,-0.03158656507730484,2576,,,14.2,11310.2
0.01388677,-0.02094857495103497,1408,-1.0438296534121037,0.9254035949707031,0.01604706299258396,12117.81,0.1143798828125,0.2,0.00025,1331200,9.09,-0.02769065834581852,2596,650,945,,
0.017920354,-0.019247604272095487,1415,-0.9444908760488033,0.8909540772438049,0.027654022036585957,12070.96,0.16015625,0.2,0.00025,1351680,9.8,-0.03623811900615692,2636,660,954,,
0.015299033,-0.017355837277136743,,-0.9103189148008823,0.8215916156768799,0.038848736439831555,,0.114990234375,0.2,0.00025,1360000,,-0.03174087032675743,2656,,,15.8,11596.4
0.01863347,-0.02149052478489466,1410,-0.8979442287236452,0.8426207900047302,0.035054548585321754,12065.67,0.1402587890625,0.2,0.00025,1372160,9.51,-0.03193441778421402,2676,670,973,,
0.016423926,-0.014894769105012529,1417,-0.8893156107515097,0.9041199684143066,0.023186159669421613,11955.61,0.12841796875,0.2,0.00025,1392640,9.98,-0.026043495163321495,2716,680,982,,
0.022465896,-0.017515757121145725,,-0.8668881766498089,0.8556323051452637,0.028080544609110802,,0.1534423828125,0.2,0.00025,1400000,,-0.03802366182208061,2732,,,13.6,11422.4
0.020401761,-0.019354748888872564,1408,-0.8549694083631039,0.8552603721618652,0.019659685640363023,11995.35,0.14111328125,0.2,0.00025,1413120,10.03,-0.03887362778186798,2756,690,1003,,
0.015819633,-0.019550130295101553,1415,-0.9085090551525354,0.8293402194976807,0.032430163177195936,11875.24,0.121826171875,0.2,0.00025,1433600,10.42,-0.03396406024694443,2796,700,1012,,
0.014945826,-0.015691192442318425,,-0.9125347565859556,0.857322633266449,0.027820155664812773,,0.1175537109375,0.2,0.00025,1440000,,-0.04160618036985397,2812,,,12.2,12731.4
0.013110923,-0.019015568133909255,1402,-0.8657027631998062,0.8784200549125671,0.020892084343358874,11922.97,0.0989990234375,0.2,0.00025,1454080,10.46,-0.03390340507030487,2836,710,1036,,
0.017720465,-0.015008752088760957,1409,-0.8774039931595325,0.8354891538619995,0.03196187398862094,11919.39,0.144287109375,0.2,0.00025,1474560,10.99,-0.020728735253214836,2876,720,1045,,
0.017916761,-0.018022867996478453,,-0.8555469885468483,0.8465664386749268,0.02460228168638423,,0.12890625,0.2,0.00025,1480000,,-0.03484179824590683,2888,,,13.4,12208.2
0.019019654,-0.019906020315829664,1399,-0.8326089344918728,0.7934523820877075,0.03584465885069221,11913.12,0.123779296875,0.2,0.00025,1495040,11.06,-0.027741461992263794,2916,730,1067,,
0.019411232,-0.021986640742397867,1406,-0.8682821672409773,0.789113461971283,0.03477126924553886,12062.98,0.1280517578125,0.2,0.00025,1515520,11.49,-0.027449417859315872,2956,740,1077,,
0.022052344,-0.02077357523376122,,-0.8191102407872677,0.830629825592041,0.025590050499886274,,0.139404296875,0.2,0.00025,1520000,,-0.030184082686901093,2968,,,16.4,10848.6
0.017812029,-0.0207180089346366,1401,-0.9021604657173157,0.8966338038444519,0.020210997230606154,12124.76,0.137939453125,0.2,0.00025,1536000,11.42,-0.0327034592628479,2996,750,1095,,
0.019659255,-0.021049849019618705,1408,-0.8520952928811312,0.8122994899749756,0.034432175336405635,12038.14,0.1514892578125,0.2,0.00025,1556480,12.04,-0.02628643997013569,3036,760,1105,,
0.01641379,-0.019052837014896795,,-0.8947088532149792,0.8873035907745361,0.02414608048275113,,0.128173828125,0.2,0.00025,1560000,,-0.052713438868522644,3044,,,13.8,12962.4
0.01647602,-0.019505484495311975,1395,-0.9037797693163157,0.8404301404953003,0.020144035574048758,12027.42,0.141357421875,0.2,0.00025,1576960,12.24,-0.04177049547433853,3076,770,1130,,
0.0172657,-0.02090964418312069,1401,-0.9358615353703499,0.9235650300979614,0.015019640850368887,11904.01,0.13037109375,0.2,0.00025,1597440,12.46,-0.03553660213947296,3116,780,1139,,
0.017128196,-0.02177229823428206,,-0.9089861307293177,0.9303857684135437,0.014822131983237341,,0.1370849609375,0.2,0.00025,1600000,,-0.04097984358668327,3124,,,16.0,11891.6
0.016009843,-0.02247369577526115,1390,-0.9159610960632563,0.8772835731506348,0.020442901324713603,11912.06,0.13232421875,0.2,0.00025,1617920,12.64,-0.04218184947967529,3156,790,1163,,
0.018100884,-0.0211722859821748,1397,-0.9013249203562737,0.8684294819831848,0.02822043577907607,11773.07,0.1451416015625,0.2,0.00025,1638400,13.26,-0.04120241105556488,3196,800,1172,,
0.018604755,-0.021963732317090034,,-0.8989586401730776,0.9061424732208252,0.016970022465102375,,0.1507568359375,0.2,0.00025,1640000,,-0.0425337478518486,3200,,,17.6,9713.0
0.023384362,-0.024402835144428536,1392,-0.8975379299372435,0.7806624174118042,0.028219597530551255,11481.54,0.1680908203125,0.2,0.00025,1658880,14.19,-0.03559652343392372,3236,810,1190,,
0.01645671,-0.01986514790041838,1399,-0.9530276786535978,0.8879731297492981,0.02269093261566013,11488.84,0.1328125,0.2,0.00025,1679360,14.23,-0.039001576602458954,3276,820,1200,,
0.017196964,-0.022483952663606033,,-0.9498222712427378,0.8665040135383606,0.021929686336079612,,0.1478271484375,0.2,0.00025,1680000,,-0.040419742465019226,3280,,,16.4,10477.6
0.016462272,-0.021195840614382178,1391,-0.9117968510836363,0.7961657643318176,0.03572209842968732,11461.14,0.1319580078125,0.2,0.00025,1699840,14.28,-0.039990365505218506,3316,830,1221,,
0.01680415,-0.02270870833308436,,-0.9084977358579636,0.8791942596435547,0.023440001823473722,,0.131591796875,0.2,0.00025,1720000,,-0.046484269201755524,3356,,,19.8,8638.6
,,1386,,,,11387.9,,,,1720320,14.3,,,840,1240,,
0.021616163,-0.02617672475753352,1392,-0.980543714016676,0.8128541707992554,0.03657409141305834,11431.65,0.1597900390625,0.2,0.00025,1740800,14.17,-0.04230286180973053,3396,850,1249,,
0.017641012,-0.025260756199713796,,-0.9318544566631317,0.8261836171150208,0.028121485316660255,,0.13623046875,0.2,0.00025,1760000,,-0.031319811940193176,3436,,,13.0,15091.4
,,1384,,,,11277.81,,,,1761280,14.42,,,860,1272,,
0.01975592,-0.021525026095332578,1389,-0.825929569080472,0.7885122299194336,0.03129910182906315,11352.7,0.1343994140625,0.2,0.00025,1781760,14.22,-0.04203168302774429,3476,870,1282,,
0.021500785,-0.02228281387942843,,-0.9491302967071533,0.7571635842323303,0.04182313696946949,,0.1524658203125,0.2,0.00025,1800000,,-0.03795558959245682,3512,,,14.0,13898.8
0.01682857,-0.022648276237305254,1378,-0.9749753884971142,0.8116169571876526,0.03710557287558913,11368.34,0.1356201171875,0.2,0.00025,1802240,14.23,-0.035245880484580994,3516,880,1307,,
0.022421438,-0.026114882828551345,1383,-0.9409670792520046,0.703194260597229,0.03905523131834343,11326.41,0.1514892578125,0.2,0.00025,1822720,14.38,-0.043028656393289566,3556,890,1317,,
0.016761618,-0.025454764952883124,,-0.9671794511377811,0.8745150566101074,0.023440274700988084,,0.1328125,0.2,0.00025,1840000,,-0.05786003917455673,3592,,,15.8,11381.0
0.01589291,-0.026159678876865655,1375,-0.9391757287085056,0.8654496073722839,0.02729286963585764,11590.12,0.1258544921875,0.2,0.00025,1843200,13.98,-0.04809238761663437,3596,900,1339,,
0.0195265,-0.023841825692215934,1381,-0.8932613469660282,0.8412395119667053,0.03068291809177026,11461.09,0.1290283203125,0.2,0.00025,1863680,14.15,-0.03705071657896042,3636,910,1349,,
0.020547118,-0.020819065714022145,,-0.8572879172861576,0.8403721451759338,0.030207725008949637,,0.149169921875,0.2,0.00025,1880000,,-0.044225890189409256,3668,,,15.8,12735.2
0.021717547,-0.025017849839059636,1377,-0.9054845422506332,0.8777648210525513,0.020860536489635706,11621.23,0.166259765625,0.2,0.00025,1884160,13.86,-0.04719053953886032,3676,920,1367,,
0.028383221,-0.024115815773257054,1383,-0.9340170975774527,0.856715202331543,0.030739118112251163,11575.93,0.1995849609375,0.2,0.00025,1904640,13.94,-0.03583326190710068,3716,930,1376,,
0.016965456,-0.022566497093066573,,-0.9606653898954391,0.8362555503845215,0.033516970986966044,,0.1119384765625,0.2,0.00025,1920000,,-0.0478353351354599,3748,,,16.8,11634.2
0.020871906,-0.02495669320342131,1375,-0.9463625513017178,0.852117121219635,0.019076854252489284,11615.34,0.1561279296875,0.2,0.00025,1925120,13.89,-0.04178730025887489,3756,940,1399,,
0.022897521,-0.024309522501425818,1381,-0.9092562720179558,0.7976135611534119,0.030834656674414873,11868.54,0.1715087890625,0.2,0.00025,1945600,13.47,-0.033966064453125,3796,950,1408,,
0.0190301,-0.025931805867003277,,-0.9210511948913336,0.7971197366714478,0.03233748232014477,,0.1402587890625,0.2,0.00025,1960000,,-0.04646214097738266,3828,,,14.0,13216.2
0.021398915,-0.023902170854853466,1373,-0.8964858613908291,0.7641125321388245,0.03893503389554098,12231.09,0.1619873046875,0.2,0.00025,1966080,12.92,-0.03507397696375847,3836,960,1431,,
0.01709384,-0.023661683138925582,1378,-0.9120710548013449,0.8945224285125732,0.020120249537285417,12296.08,0.1318359375,0.2,0.00025,1986560,12.82,-0.05259356647729874,3876,970,1440,,
0.024482835,-0.025005739385960624,,-0.9552618153393269,0.7752119302749634,0.030810196767561138,,0.1484375,0.2,0.00025,2000000,,-0.0418972447514534,3904,,,10.6,16274.6
0.02401601,-0.028426698365365155,1366,-0.9747811872512102,0.7378137111663818,0.04157937504351139,12516.98,0.1734619140625,0.2,0.00025,2007040,12.56,-0.0488155297935009,3916,980,1468,,
0.020849697,-0.023292583297006786,1372,-0.9354275371879339,0.8134472370147705,0.034346537897363305,12714.9,0.1466064453125,0.2,0.00025,2027520,12.28,-0.025102492421865463,3956,990,1477,,
0.019161172,-0.022318745555821806,,-0.8986142389476299,0.8124406337738037,0.027132235758472234,,0.1630859375,0.2,0.00025,2040000,,-0.04394102469086647,3984,,,14.8,12963.2
0.023908602,-0.02518793474882841,1365,-0.895533287897706,0.8421323299407959,0.027391949959564954,12735.95,0.1507568359375,0.2,0.00025,2048000,12.37,-0.044947586953639984,3996,1000,1499,,
0.023149543,-0.02351450503920205,1370,-0.8781614173203707,0.8486742377281189,0.024773295008344576,12943.32,0.16455078125,0.2,0.00025,2068480,12.18,-0.05168752372264862,4036,1010,1508,,
0.017718444,-0.022224325774004683,,-0.8943432718515396,0.8547531366348267,0.03246091824257746,,0.12890625,0.2,0.00025,2080000,,-0.03678477928042412,4060,,,12.2,15660.8
0.021781739,-0.026799676183145493,1359,-0.8743131440132856,0.8569650053977966,0.025243718409910798,12975.55,0.1650390625,0.2,0.00025,2088960,12.24,-0.038791146129369736,4076,1020,1536,,
0.020976152,-0.0256222793541383,1364,-0.9355132486671209,0.8027218580245972,0.029422561288811266,12832.18,0.1517333984375,0.2,0.00025,2109440,12.65,-0.04987228661775589,4116,1030,1545,,
0.022025999,-0.023995531490072608,,-0.8730072472244501,0.818718671798706,0.02336151379859075,,0.139892578125,0.2,0.00025,2120000,,-0.043614327907562256,4140,,,14.0,14891.6
0.018721752,-0.024735172337386757,1353,-0.869124922901392,0.8402706384658813,0.024332578817848116,12844.86,0.157470703125,0.2,0.00025,2129920,12.65,-0.05799216032028198,4156,1040,1573,,
0.0249223,-0.024369623890379444,1359,-0.8475959077477455,0.7430100440979004,0.04079975059721619,12794.82,0.169921875,0.2,0.00025,2150400,12.75,-0.03651364892721176,4196,1050,1582,,
0.019400306,-0.021480097086168826,,-0.8546692281961441,0.8394469022750854,0.029458407894708216,,0.133544921875,0.2,0.00025,2160000,,-0.035793982446193695,4216,,,17.8,11682.8
0.017708395,-0.02399133305880241,1354,-0.8471105061471462,0.8376124501228333,0.023951140377903357,12929.45,0.14111328125,0.2,0.00025,2170880,12.58,-0.03951482102274895,4236,1060,1603,,
0.02154927,-0.023880244931206107,1359,-0.8515443410724401,0.7563038468360901,0.034643508202861995,12717.48,0.1357421875,0.2,0.00025,2191360,13.16,-0.037650495767593384,4276,1070,1612,,
0.021698236,-0.02066978944640141,,-0.9194850847125053,0.8697416186332703,0.02017945284023881,,0.1583251953125,0.2,0.00025,2200000,,-0.05247890576720238,4296,,,19.2,9581.8
0.018648505,-0.020327497215475887,1356,-0.9254272915422916,0.7731649875640869,0.038321962812915444,12632.7,0.13037109375,0.2,0.00025,2211840,13.19,-0.03886609524488449,4316,1080,1630,,
0.022184037,-0.023450495849829167,1361,-0.8974457662552595,0.8815457224845886,0.015023994841612875,12521.67,0.1632080078125,0.2,0.00025,2232320,13.24,-0.047382503747940063,4356,1090,1640,,
0.023818305,-0.025435381423449144,,-0.9451530557125807,0.7774150371551514,0.03691323124803603,,0.15673828125,0.2,0.00025,2240000,,-0.04542226344347,4372,,,20.8,8363.0
